{
  "micro_precision": 78.57142857142857,
  "micro_recall": 87.68115942028986,
  "micro_f1": 82.87671232876713,
  "macro_precision": 83.3646978021978,
  "macro_recall": 89.30952380952381,
  "macro_f1": 84.737969873264,
  "overall_score": 82.87671232876713
}