{
  "micro_precision": 80.66666666666666,
  "micro_recall": 87.68115942028986,
  "micro_f1": 84.02777777777779,
  "macro_precision": 83.4512987012987,
  "macro_recall": 89.38870851370851,
  "macro_f1": 85.31529192055508,
  "overall_score": 84.02777777777779
}