{
  "micro_precision": 80.13245033112582,
  "micro_recall": 87.68115942028986,
  "micro_f1": 83.7370242214533,
  "macro_precision": 82.39177489177487,
  "macro_recall": 89.03156565656566,
  "macro_f1": 84.68818754345071,
  "overall_score": 83.7370242214533
}