{
  "micro_precision": 81.5068493150685,
  "micro_recall": 86.23188405797102,
  "micro_f1": 83.80281690140845,
  "macro_precision": 83.98809523809524,
  "macro_recall": 87.9440836940837,
  "macro_f1": 85.14190642518817,
  "overall_score": 83.80281690140845
}