{
  "micro_precision": 80.6896551724138,
  "micro_recall": 84.78260869565217,
  "micro_f1": 82.68551236749117,
  "macro_precision": 84.04588467088466,
  "macro_recall": 86.65873015873015,
  "macro_f1": 83.95641395641394,
  "overall_score": 82.68551236749117
}