{
  "micro_precision": 77.35849056603774,
  "micro_recall": 89.13043478260869,
  "micro_f1": 82.82828282828282,
  "macro_precision": 80.05977355977356,
  "macro_recall": 90.46825396825398,
  "macro_f1": 83.83872744902156,
  "overall_score": 82.82828282828282
}