{
  "micro_precision": 80.79470198675497,
  "micro_recall": 88.40579710144928,
  "micro_f1": 84.42906574394465,
  "macro_precision": 83.12759462759462,
  "macro_recall": 89.63492063492063,
  "macro_f1": 85.32247869089974,
  "overall_score": 84.42906574394465
}