{
  "micro_precision": 75.47169811320755,
  "micro_recall": 86.95652173913044,
  "micro_f1": 80.8080808080808,
  "macro_precision": 78.6925296925297,
  "macro_recall": 88.80158730158729,
  "macro_f1": 81.96731722309188,
  "overall_score": 80.8080808080808
}