{
  "micro_precision": 80.95238095238095,
  "micro_recall": 86.23188405797102,
  "micro_f1": 83.50877192982456,
  "macro_precision": 83.99098124098124,
  "macro_recall": 87.58513708513706,
  "macro_f1": 84.39742999182357,
  "overall_score": 83.50877192982456
}