{
  "bleu": 4.011717999746835,
  "rouge1": 39.17384863952119,
  "rouge2": 11.244779980037567,
  "rougeL": 22.290645849071648,
  "rougeLsum": 22.290645849071648,
  "sari": 58.77497138694933,
  "bertscore": 41.89234644174576,
  "medcon": 41.29871328737336,
  "alignscore": 25.000396044924855,
  "overall_score": 32.21146516830196
}