{
  "micro_precision": 76.58227848101265,
  "micro_recall": 87.68115942028986,
  "micro_f1": 81.75675675675676,
  "macro_precision": 80.4001554001554,
  "macro_recall": 89.24170274170274,
  "macro_f1": 83.18376794344286,
  "overall_score": 81.75675675675676
}