{
  "micro_precision": 84.67153284671532,
  "micro_recall": 84.05797101449275,
  "micro_f1": 84.36363636363635,
  "macro_precision": 85.92207792207793,
  "macro_recall": 86.48556998556998,
  "macro_f1": 85.36106379001114,
  "overall_score": 84.36363636363635
}