case_id,n_runs,first_try_pass_rate_pct
9,35,42.857142857142854
1,35,54.285714285714285
19,35,74.28571428571429
8,35,77.14285714285715
17,35,80.0
2,35,80.0
10,35,82.85714285714286
5,35,85.71428571428571
13,35,88.57142857142857
12,35,91.42857142857143
16,35,91.42857142857143
7,35,91.42857142857143
3,35,91.42857142857143
18,35,94.28571428571428
15,35,97.14285714285714
11,35,97.14285714285714
20,35,97.14285714285714
14,35,100.0
4,35,100.0
6,35,100.0
