{
  "micro_precision": 85.1063829787234,
  "micro_recall": 86.95652173913044,
  "micro_f1": 86.02150537634408,
  "macro_precision": 86.83531746031747,
  "macro_recall": 88.40656565656566,
  "macro_f1": 86.90071502571503,
  "overall_score": 86.02150537634408
}