{
  "bleu": 4.995615426820564,
  "rouge1": 39.64105034840643,
  "rouge2": 11.759280799816041,
  "rougeL": 23.54793198876804,
  "rougeLsum": 23.54793198876804,
  "sari": 58.09560193725122,
  "bertscore": 43.15082907676697,
  "medcon": 40.41207798117713,
  "alignscore": 28.370767962187525,
  "overall_score": 33.09547072882857
}