{
  "micro_precision": 80.4054054054054,
  "micro_recall": 86.23188405797102,
  "micro_f1": 83.21678321678321,
  "macro_precision": 82.36652236652236,
  "macro_recall": 87.75180375180375,
  "macro_f1": 84.07897657897658,
  "overall_score": 83.21678321678321
}