config,linguistic_distance
Three-Step,0.38132324641540705
Two-Step,0.5587196651233427
