config,linguistic_distance
Three-Step,0.38132324641540705
Two-Step,0.518610152725742
