{
  "bleu": 5.1074283287440725,
  "rouge1": 40.852240185401186,
  "rouge2": 12.252646941251314,
  "rougeL": 23.34556790144695,
  "rougeLsum": 23.34556790144695,
  "sari": 59.00702836148324,
  "bertscore": 44.1908997297287,
  "medcon": 45.44215428182182,
  "alignscore": 27.44292553514242,
  "overall_score": 34.0893340230612
}