{
  "micro_precision": 78.2051282051282,
  "micro_recall": 88.40579710144928,
  "micro_f1": 82.99319727891155,
  "macro_precision": 81.22922910422912,
  "macro_recall": 89.59523809523809,
  "macro_f1": 84.14800964143069,
  "overall_score": 82.99319727891155
}